datetime,GHI,GHI_interp,SV.cfs,domg,turb
2022-07-31,NA,0,1020,6.66,1.76
2022-07-31 00:15:00,NA,0,1020,6.67,1.75
2022-07-31 00:30:00,0,0,1020,6.66,1.69
2022-07-31 00:45:00,NA,0,1020,6.68,1.8
2022-07-31 01:00:00,NA,0,1020,6.71,1.89
2022-07-31 01:15:00,NA,0,1020,6.69,1.87
2022-07-31 01:30:00,0,0,1020,6.7,1.86
2022-07-31 01:45:00,NA,0,1020,6.71,1.91
2022-07-31 02:00:00,NA,0,1020,6.7,1.79
2022-07-31 02:15:00,NA,0,1020,6.71,1.9
2022-07-31 02:30:00,0,0,1020,6.71,1.9
2022-07-31 02:45:00,NA,0,1030,6.75,2.1
2022-07-31 03:00:00,NA,0,1030,6.73,1.94
2022-07-31 03:15:00,NA,0,1030,6.72,2.1
2022-07-31 03:30:00,0,0,1030,6.74,1.94
2022-07-31 03:45:00,NA,0,1040,6.74,2.27
2022-07-31 04:00:00,NA,0,1040,6.75,2.56
2022-07-31 04:15:00,NA,0,1050,6.76,2
2022-07-31 04:30:00,0,0,1050,6.76,2.32
2022-07-31 04:45:00,NA,3,1060,6.76,2.35
2022-07-31 05:00:00,NA,6,1060,6.78,2.22
2022-07-31 05:15:00,NA,9,1070,6.79,2.04
2022-07-31 05:30:00,12,12,1070,6.81,2.18
2022-07-31 05:45:00,NA,38,1070,6.8,2.09
2022-07-31 06:00:00,NA,64,1080,6.85,2.31
2022-07-31 06:15:00,NA,90,1090,6.87,2.05
2022-07-31 06:30:00,116,116,1090,6.92,1.99
2022-07-31 06:45:00,NA,156,1090,6.94,1.86
2022-07-31 07:00:00,NA,196,1090,6.99,2.05
2022-07-31 07:15:00,NA,235,1090,7.05,2.04
2022-07-31 07:30:00,275,275,1090,7.12,1.99
2022-07-31 07:45:00,NA,316,1090,7.17,1.9
2022-07-31 08:00:00,NA,358,1100,7.24,1.96
2022-07-31 08:15:00,NA,400,1100,7.33,2.03
2022-07-31 08:30:00,441,441,1100,7.4,1.96
2022-07-31 08:45:00,NA,474,1100,7.49,1.98
2022-07-31 09:00:00,NA,507,1100,7.6,2.06
2022-07-31 09:15:00,NA,540,1100,7.7,1.88
2022-07-31 09:30:00,573,573,1100,7.78,1.97
2022-07-31 09:45:00,NA,611,1090,7.82,2.1
2022-07-31 10:00:00,NA,648,1090,7.92,2.09
2022-07-31 10:15:00,NA,686,1080,7.99,1.97
2022-07-31 10:30:00,724,724,1080,8.01,2.23
2022-07-31 10:45:00,NA,666,1080,8.08,1.94
2022-07-31 11:00:00,NA,607,1080,8.18,1.72
2022-07-31 11:15:00,NA,548,1080,8.22,1.9
2022-07-31 11:30:00,490,490,1070,8.17,1.77
2022-07-31 11:45:00,NA,464,1070,8.1,1.74
2022-07-31 12:00:00,NA,439,1070,8.04,1.81
2022-07-31 12:15:00,NA,414,1070,8.02,1.77
2022-07-31 12:30:00,388,388,1060,8.05,1.99
2022-07-31 12:45:00,NA,438,1060,8.05,1.84
2022-07-31 13:00:00,NA,487,1050,8.01,1.77
2022-07-31 13:15:00,NA,536,1050,8.02,1.57
2022-07-31 13:30:00,586,586,1050,8.07,1.81
2022-07-31 13:45:00,NA,549,1040,8.11,1.67
2022-07-31 14:00:00,NA,512,1040,8.07,1.62
2022-07-31 14:15:00,NA,476,1040,8.14,1.68
2022-07-31 14:30:00,439,439,1030,8.13,1.7
2022-07-31 14:45:00,NA,458,1030,8.11,1.57
2022-07-31 15:00:00,NA,476,1030,8.17,1.8
2022-07-31 15:15:00,NA,495,1030,8.27,1.53
2022-07-31 15:30:00,514,514,1030,8.33,1.65
2022-07-31 15:45:00,NA,476,1030,8.34,1.96
2022-07-31 16:00:00,NA,439,1030,8.36,1.87
2022-07-31 16:15:00,NA,402,1030,8.37,1.71
2022-07-31 16:30:00,364,364,1020,8.37,1.76
2022-07-31 16:45:00,NA,324,1030,8.4,1.8
2022-07-31 17:00:00,NA,284,1020,8.39,1.71
2022-07-31 17:15:00,NA,244,1030,8.34,1.59
2022-07-31 17:30:00,204,204,1020,8.3,1.61
2022-07-31 17:45:00,NA,167,1020,8.25,1.6
2022-07-31 18:00:00,NA,130,1030,8.2,1.7
2022-07-31 18:15:00,NA,94,1020,8.1,1.65
2022-07-31 18:30:00,57,57,1030,8.03,1.67
2022-07-31 18:45:00,NA,43,1020,7.92,1.74
2022-07-31 19:00:00,NA,29,1020,7.82,1.64
2022-07-31 19:15:00,NA,15,1020,7.74,1.72
2022-07-31 19:30:00,1,1,1020,7.66,1.72
2022-07-31 19:45:00,NA,1,1020,7.58,1.74
2022-07-31 20:00:00,NA,0,1020,7.51,1.92
2022-07-31 20:15:00,NA,0,1020,7.44,1.82
2022-07-31 20:30:00,0,0,1020,7.38,1.96
2022-07-31 20:45:00,NA,0,1020,7.34,1.8
2022-07-31 21:00:00,NA,0,1020,7.3,1.89
2022-07-31 21:15:00,NA,0,1020,7.26,1.85
2022-07-31 21:30:00,0,0,1020,7.22,2
2022-07-31 21:45:00,NA,0,1020,7.19,NA
2022-07-31 22:00:00,NA,0,1020,7.16,2
2022-07-31 22:15:00,NA,0,1020,7.13,2.06
2022-07-31 22:30:00,0,0,1020,7.13,NA
2022-07-31 22:45:00,NA,0,1020,7.11,2.08
2022-07-31 23:00:00,NA,0,1020,7.11,2.28
2022-07-31 23:15:00,NA,0,1020,7.08,2.05
2022-07-31 23:30:00,0,0,1020,7.08,NA
2022-07-31 23:45:00,NA,0,1020,7.06,2.14
2022-08-01,NA,0,1020,7.05,2.46
2022-08-01 00:15:00,NA,0,1020,7.05,2.05
2022-08-01 00:30:00,0,0,1010,7.03,2.08
2022-08-01 00:45:00,NA,0,1010,7.04,1.96
2022-08-01 01:00:00,NA,0,1010,7.02,1.96
2022-08-01 01:15:00,NA,0,1010,7.05,2.18
2022-08-01 01:30:00,0,0,1010,7.04,2.2
2022-08-01 01:45:00,NA,0,1020,7.01,2.05
2022-08-01 02:00:00,NA,0,1020,7.02,2.17
2022-08-01 02:15:00,NA,0,1020,7.02,2.05
2022-08-01 02:30:00,0,0,1020,7.03,2.18
2022-08-01 02:45:00,NA,0,1020,7.03,2.12
2022-08-01 03:00:00,NA,0,1030,7.03,2.25
2022-08-01 03:15:00,NA,0,1030,7.03,2.17
2022-08-01 03:30:00,0,0,1030,7.04,2.24
2022-08-01 03:45:00,NA,0,1040,7.03,2.25
2022-08-01 04:00:00,NA,0,1040,7.03,2.19
2022-08-01 04:15:00,NA,0,1050,7.05,2.49
2022-08-01 04:30:00,0,0,1050,7.04,2.38
2022-08-01 04:45:00,NA,4,1050,7.04,2.53
2022-08-01 05:00:00,NA,7,1060,7.05,2.2
2022-08-01 05:15:00,NA,10,1070,7.02,2.51
2022-08-01 05:30:00,14,14,1070,7.04,2.35
2022-08-01 05:45:00,NA,42,1070,7.05,2.37
2022-08-01 06:00:00,NA,70,1080,7.06,2.36
2022-08-01 06:15:00,NA,98,1080,7.13,2.34
2022-08-01 06:30:00,126,126,1080,7.14,2.27
2022-08-01 06:45:00,NA,166,1080,7.14,2.31
2022-08-01 07:00:00,NA,207,1090,7.16,2.39
2022-08-01 07:15:00,NA,248,1100,7.19,2.28
2022-08-01 07:30:00,288,288,1100,7.26,2.2
2022-08-01 07:45:00,NA,324,1120,7.29,2.27
2022-08-01 08:00:00,NA,361,1120,7.35,2.18
2022-08-01 08:15:00,NA,398,1120,7.36,2.06
2022-08-01 08:30:00,434,434,1120,7.44,2.05
2022-08-01 08:45:00,NA,408,1120,7.54,2.18
2022-08-01 09:00:00,NA,382,1120,7.6,NA
2022-08-01 09:15:00,NA,357,1120,7.63,2.09
2022-08-01 09:30:00,331,331,1110,7.65,2.2
2022-08-01 09:45:00,NA,404,1100,7.65,2.16
2022-08-01 10:00:00,NA,478,1100,7.67,2.07
2022-08-01 10:15:00,NA,551,1100,7.7,2.19
2022-08-01 10:30:00,624,624,1090,7.73,1.97
2022-08-01 10:45:00,NA,617,1090,7.85,2.22
2022-08-01 11:00:00,NA,610,1080,8,2.04
2022-08-01 11:15:00,NA,604,1080,8.05,1.9
2022-08-01 11:30:00,597,597,1080,8.16,2
2022-08-01 11:45:00,NA,519,1080,8.16,1.98
2022-08-01 12:00:00,NA,441,1070,8.19,1.93
2022-08-01 12:15:00,NA,363,1070,8.21,1.81
2022-08-01 12:30:00,285,285,1070,8.22,1.84
2022-08-01 12:45:00,NA,291,1070,8.24,1.82
2022-08-01 13:00:00,NA,297,1060,8.29,1.82
2022-08-01 13:15:00,NA,303,1050,8.27,1.73
2022-08-01 13:30:00,309,309,1050,8.23,1.78
2022-08-01 13:45:00,NA,261,1050,8.17,1.76
2022-08-01 14:00:00,NA,213,1050,8.15,1.8
2022-08-01 14:15:00,NA,165,1040,8.11,1.69
2022-08-01 14:30:00,117,117,1040,8.09,1.79
2022-08-01 14:45:00,NA,102,1030,8.07,1.71
2022-08-01 15:00:00,NA,87,1030,8.05,1.75
2022-08-01 15:15:00,NA,72,1030,8.05,1.86
2022-08-01 15:30:00,57,57,1030,8.03,2.07
2022-08-01 15:45:00,NA,113,1030,8,1.79
2022-08-01 16:00:00,NA,170,1020,7.98,1.7
2022-08-01 16:15:00,NA,226,1020,8.01,1.77
2022-08-01 16:30:00,282,282,1030,8.05,1.71
2022-08-01 16:45:00,NA,252,1020,8.02,1.78
2022-08-01 17:00:00,NA,222,1020,8.01,1.89
2022-08-01 17:15:00,NA,191,1020,8.01,2.03
2022-08-01 17:30:00,161,161,1030,7.95,2.46
2022-08-01 17:45:00,NA,133,1020,7.85,3.66
2022-08-01 18:00:00,NA,106,1020,7.71,6.43
2022-08-01 18:15:00,NA,78,1020,7.59,10.55
2022-08-01 18:30:00,50,50,1020,7.44,20.37
2022-08-01 18:45:00,NA,38,1020,7.32,34.83
2022-08-01 19:00:00,NA,26,1020,7.22,60.21
2022-08-01 19:15:00,NA,13,1020,7.12,88.22
2022-08-01 19:30:00,1,1,1020,7.04,123.79
2022-08-01 19:45:00,NA,1,1020,6.94,159.97
2022-08-01 20:00:00,NA,0,1020,6.86,196.59
2022-08-01 20:15:00,NA,0,1020,6.78,234.74
2022-08-01 20:30:00,0,0,1020,6.77,259.15
2022-08-01 20:45:00,NA,0,1020,6.71,269.49
2022-08-01 21:00:00,NA,0,1020,6.7,283.79
2022-08-01 21:15:00,NA,0,1020,6.73,292.07
2022-08-01 21:30:00,0,0,1020,6.73,285.86
2022-08-01 21:45:00,NA,0,1010,6.76,263.77
2022-08-01 22:00:00,NA,0,1020,6.79,240.68
2022-08-01 22:15:00,NA,0,1020,6.83,225.83
2022-08-01 22:30:00,0,0,1020,6.84,212.72
2022-08-01 22:45:00,NA,0,1020,6.92,204.18
2022-08-01 23:00:00,NA,0,1020,6.95,165.96
2022-08-01 23:15:00,NA,0,1020,6.98,148.78
2022-08-01 23:30:00,0,0,1020,7.02,130.69
2022-08-01 23:45:00,NA,0,1030,7.03,118.68
2022-08-02,NA,0,1030,7.04,97.65
2022-08-02 00:15:00,NA,0,1030,7.06,82.8
2022-08-02 00:30:00,0,0,1030,7.1,72.66
2022-08-02 00:45:00,NA,0,1030,7.1,65.81
2022-08-02 01:00:00,NA,0,1030,7.11,54.82
2022-08-02 01:15:00,NA,0,1030,7.13,48.98
2022-08-02 01:30:00,0,0,1030,7.13,47.82
2022-08-02 01:45:00,NA,0,1030,7.14,38.71
2022-08-02 02:00:00,NA,0,1040,7.14,35.93
2022-08-02 02:15:00,NA,0,1040,7.16,32.12
2022-08-02 02:30:00,0,0,1040,7.17,28.57
2022-08-02 02:45:00,NA,0,1040,7.16,25.39
2022-08-02 03:00:00,NA,0,1050,7.17,24.55
2022-08-02 03:15:00,NA,0,1050,7.18,22.3
2022-08-02 03:30:00,0,0,1050,7.19,20.72
2022-08-02 03:45:00,NA,0,1050,7.21,18.22
2022-08-02 04:00:00,NA,0,1060,7.21,17.68
2022-08-02 04:15:00,NA,0,1060,7.23,17.02
2022-08-02 04:30:00,0,0,1060,7.25,16.78
2022-08-02 04:45:00,NA,5,1070,7.22,15.96
2022-08-02 05:00:00,NA,10,1080,7.22,16
2022-08-02 05:15:00,NA,14,1080,7.26,14.87
2022-08-02 05:30:00,19,19,1080,7.26,14.25
2022-08-02 05:45:00,NA,49,1080,7.25,13.53
2022-08-02 06:00:00,NA,80,1090,7.25,11.82
2022-08-02 06:15:00,NA,110,1100,7.27,12.03
2022-08-02 06:30:00,140,140,1100,7.27,11.81
2022-08-02 06:45:00,NA,177,1100,7.31,11.76
2022-08-02 07:00:00,NA,214,1100,7.32,11.02
2022-08-02 07:15:00,NA,252,1100,7.33,10.42
2022-08-02 07:30:00,289,289,1100,7.35,9.86
2022-08-02 07:45:00,NA,320,1100,7.37,9.7
2022-08-02 08:00:00,NA,351,1100,7.42,9.53
2022-08-02 08:15:00,NA,382,1100,7.43,8.99
2022-08-02 08:30:00,413,413,1100,7.47,8.76
2022-08-02 08:45:00,NA,438,1100,7.53,8.11
2022-08-02 09:00:00,NA,463,1100,7.58,7.95
2022-08-02 09:15:00,NA,488,1100,7.63,7.98
2022-08-02 09:30:00,513,513,1100,7.68,7.58
2022-08-02 09:45:00,NA,578,1100,7.71,7.37
2022-08-02 10:00:00,NA,642,1100,7.72,7.72
2022-08-02 10:15:00,NA,707,1100,7.81,7.08
2022-08-02 10:30:00,772,772,1100,7.88,7.21
2022-08-02 10:45:00,NA,792,1100,7.95,6.78
2022-08-02 11:00:00,NA,812,1090,8.02,7.69
2022-08-02 11:15:00,NA,831,1090,8.04,6.51
2022-08-02 11:30:00,851,851,1090,8.07,6.6
2022-08-02 11:45:00,NA,834,1080,8.06,6.48
2022-08-02 12:00:00,NA,818,1080,8.08,6.25
2022-08-02 12:15:00,NA,801,1080,8.12,6.82
2022-08-02 12:30:00,784,784,1070,8.15,6.18
2022-08-02 12:45:00,NA,780,1070,8.17,5.98
2022-08-02 13:00:00,NA,776,1060,8.17,5.91
2022-08-02 13:15:00,NA,773,1060,8.13,6.91
2022-08-02 13:30:00,769,769,1060,8.16,6.23
2022-08-02 13:45:00,NA,764,1060,8.2,5.83
2022-08-02 14:00:00,NA,760,1050,8.19,5.86
2022-08-02 14:15:00,NA,756,1050,8.22,5.82
2022-08-02 14:30:00,751,751,1050,8.26,5.72
2022-08-02 14:45:00,NA,690,1050,8.18,5.32
2022-08-02 15:00:00,NA,629,1050,8.11,5.59
2022-08-02 15:15:00,NA,568,1040,8.11,5.63
2022-08-02 15:30:00,507,507,1040,8.13,5.62
2022-08-02 15:45:00,NA,460,1040,8.12,5.18
2022-08-02 16:00:00,NA,413,1040,8.21,5.24
2022-08-02 16:15:00,NA,366,1040,8.19,5.3
2022-08-02 16:30:00,319,319,1040,8.11,5.46
2022-08-02 16:45:00,NA,264,1030,8.04,5.47
2022-08-02 17:00:00,NA,210,1030,7.94,5.47
2022-08-02 17:15:00,NA,156,1030,7.86,5.37
2022-08-02 17:30:00,101,101,1030,7.8,5.26
2022-08-02 17:45:00,NA,91,1030,7.77,5.19
2022-08-02 18:00:00,NA,80,1030,7.69,5.07
2022-08-02 18:15:00,NA,70,1030,7.64,5.55
2022-08-02 18:30:00,60,60,1030,7.59,5.31
2022-08-02 18:45:00,NA,46,1030,7.54,5.54
2022-08-02 19:00:00,NA,32,1030,7.48,5.15
2022-08-02 19:15:00,NA,17,1030,7.41,5.53
2022-08-02 19:30:00,3,3,1030,7.35,5.46
2022-08-02 19:45:00,NA,2,1030,7.31,5.69
2022-08-02 20:00:00,NA,2,1030,7.27,6.13
2022-08-02 20:15:00,NA,1,1030,7.22,5.75
2022-08-02 20:30:00,0,0,1030,7.18,5.67
2022-08-02 20:45:00,NA,0,1030,7.17,5.83
2022-08-02 21:00:00,NA,0,1030,7.15,5.76
2022-08-02 21:15:00,NA,0,1030,7.11,5.64
2022-08-02 21:30:00,0,0,1030,7.08,5.73
2022-08-02 21:45:00,NA,0,1030,7.06,5.6
2022-08-02 22:00:00,NA,0,1030,7.06,5.48
2022-08-02 22:15:00,NA,0,1030,7.06,5.14
2022-08-02 22:30:00,0,0,1020,7.04,5.26
2022-08-02 22:45:00,NA,0,1030,7.03,5.3
2022-08-02 23:00:00,NA,0,1030,7.02,5.21
2022-08-02 23:15:00,NA,0,1030,7.02,5.23
2022-08-02 23:30:00,0,0,1030,7.01,5.59
2022-08-02 23:45:00,NA,0,1020,7.01,4.96
2022-08-03,NA,0,1020,6.99,5.41
2022-08-03 00:15:00,NA,0,1020,6.98,5.14
2022-08-03 00:30:00,0,0,1020,7,5.11
2022-08-03 00:45:00,NA,0,1020,7,5.69
2022-08-03 01:00:00,NA,0,1030,7.02,5.48
2022-08-03 01:15:00,NA,0,1020,7.01,5.22
2022-08-03 01:30:00,0,0,1030,7,5.52
2022-08-03 01:45:00,NA,0,1030,7.02,5.21
2022-08-03 02:00:00,NA,0,1030,7.02,5.17
2022-08-03 02:15:00,NA,0,1030,7.04,5.46
2022-08-03 02:30:00,0,0,1030,7.05,5.5
2022-08-03 02:45:00,NA,0,1030,7.07,5.53
2022-08-03 03:00:00,NA,0,1030,7.09,5.49
2022-08-03 03:15:00,NA,0,1040,7.12,5.91
2022-08-03 03:30:00,0,0,1050,7.15,7.1
2022-08-03 03:45:00,NA,0,1070,7.2,10.33
2022-08-03 04:00:00,NA,0,1130,7.19,18.73
2022-08-03 04:15:00,NA,0,1240,7.17,12.51
2022-08-03 04:30:00,0,0,1410,7.17,12.7
2022-08-03 04:45:00,NA,6,1550,7.18,13.2
2022-08-03 05:00:00,NA,13,1630,7.2,14.87
2022-08-03 05:15:00,NA,20,1630,7.2,20.31
2022-08-03 05:30:00,26,26,1630,7.2,14.81
2022-08-03 05:45:00,NA,62,1640,7.2,18.51
2022-08-03 06:00:00,NA,98,1740,7.2,17.57
2022-08-03 06:15:00,NA,135,1890,7.2,18.68
2022-08-03 06:30:00,171,171,1990,7.2,19.89
2022-08-03 06:45:00,NA,217,2030,7.17,17.62
2022-08-03 07:00:00,NA,264,1990,7.2,16.23
2022-08-03 07:15:00,NA,310,1920,7.22,15.28
2022-08-03 07:30:00,356,356,1850,7.21,14.85
2022-08-03 07:45:00,NA,402,1770,7.25,13.57
2022-08-03 08:00:00,NA,448,1690,7.26,13.07
2022-08-03 08:15:00,NA,495,1620,7.28,12.69
2022-08-03 08:30:00,541,541,1550,7.32,11.7
2022-08-03 08:45:00,NA,583,1490,7.34,20.02
2022-08-03 09:00:00,NA,624,1440,7.37,12.09
2022-08-03 09:15:00,NA,666,1380,7.39,11.95
2022-08-03 09:30:00,708,708,1350,7.38,13.79
2022-08-03 09:45:00,NA,740,1310,7.34,21.6
2022-08-03 10:00:00,NA,772,1280,7.27,39.85
2022-08-03 10:15:00,NA,805,1250,7.2,78.86
2022-08-03 10:30:00,837,837,1230,7.1,165.64
2022-08-03 10:45:00,NA,854,1210,6.95,280.84
2022-08-03 11:00:00,NA,872,1190,6.78,423.07
2022-08-03 11:15:00,NA,890,1180,6.54,611.9
2022-08-03 11:30:00,907,907,1160,6.21,867.86
2022-08-03 11:45:00,NA,911,1150,5.78,1144.45
2022-08-03 12:00:00,NA,914,1140,5.27,1403.99
2022-08-03 12:15:00,NA,918,1130,4.69,1497.16
2022-08-03 12:30:00,922,922,1120,4.15,1493.24
2022-08-03 12:45:00,NA,911,1100,3.71,1404.63
2022-08-03 13:00:00,NA,900,1100,3.4,1394.54
2022-08-03 13:15:00,NA,890,1090,3.26,1319.86
2022-08-03 13:30:00,879,879,1080,3.24,1300.49
2022-08-03 13:45:00,NA,856,1080,3.37,1313.99
2022-08-03 14:00:00,NA,832,1080,3.57,1394.26
2022-08-03 14:15:00,NA,809,1070,3.91,1460.83
2022-08-03 14:30:00,786,786,1060,4.28,1505.57
2022-08-03 14:45:00,NA,752,1060,4.57,1521.23
2022-08-03 15:00:00,NA,718,1060,4.76,1494.08
2022-08-03 15:15:00,NA,685,1060,4.87,1418.3
2022-08-03 15:30:00,651,651,1060,4.86,1351.96
2022-08-03 15:45:00,NA,609,1060,4.67,1337.14
2022-08-03 16:00:00,NA,566,1050,4.35,1288.56
2022-08-03 16:15:00,NA,524,1050,3.76,1182.51
2022-08-03 16:30:00,482,482,1050,2.84,1048.5
2022-08-03 16:45:00,NA,435,1050,1.6,834.17
2022-08-03 17:00:00,NA,388,1050,0.14,594.51
2022-08-03 17:15:00,NA,342,1050,-0.04,450.2
2022-08-03 17:30:00,295,295,1050,-0.04,310.62
2022-08-03 17:45:00,NA,250,1050,-0.05,271.71
2022-08-03 18:00:00,NA,206,1050,-0.05,235.32
2022-08-03 18:15:00,NA,161,1050,-0.05,222.47
2022-08-03 18:30:00,116,116,1050,-0.05,237.66
2022-08-03 18:45:00,NA,88,1040,-0.06,226.47
2022-08-03 19:00:00,NA,59,1040,-0.06,257.29
2022-08-03 19:15:00,NA,30,1040,-0.06,301.99
2022-08-03 19:30:00,2,2,1040,-0.06,385.41
2022-08-03 19:45:00,NA,2,1040,0.04,502.76
2022-08-03 20:00:00,NA,1,1040,0.84,634.17
2022-08-03 20:15:00,NA,0,1040,1.79,821.22
2022-08-03 20:30:00,0,0,1040,2.67,976.62
2022-08-03 20:45:00,NA,0,1040,3.43,1077.49
2022-08-03 21:00:00,NA,0,1040,4.01,1111.41
2022-08-03 21:15:00,NA,0,1040,4.4,1125.61
2022-08-03 21:30:00,0,0,1040,4.66,1067.59
2022-08-03 21:45:00,NA,0,1030,4.85,1078.61
2022-08-03 22:00:00,NA,0,1040,4.86,1035.46
2022-08-03 22:15:00,NA,0,1040,4.77,1030.82
2022-08-03 22:30:00,0,0,1040,4.52,1018.22
2022-08-03 22:45:00,NA,0,1030,4.11,987.39
2022-08-03 23:00:00,NA,0,1030,3.52,901.86
2022-08-03 23:15:00,NA,0,1040,2.7,778.86
2022-08-03 23:30:00,0,0,1040,1.79,627.99
2022-08-03 23:45:00,NA,0,1040,0.92,491.34
2022-08-04,NA,0,1040,0.14,373.73
2022-08-04 00:15:00,NA,0,1040,-0.06,301.43
2022-08-04 00:30:00,0,0,1040,-0.06,260.73
2022-08-04 00:45:00,NA,0,1040,-0.07,225.12
2022-08-04 01:00:00,NA,0,1040,-0.07,213.23
2022-08-04 01:15:00,NA,0,1040,-0.07,222.33
2022-08-04 01:30:00,0,0,1040,-0.07,199.35
2022-08-04 01:45:00,NA,0,1040,-0.07,213.57
2022-08-04 02:00:00,NA,0,1040,-0.07,239.02
2022-08-04 02:15:00,NA,0,1050,-0.08,245.39
2022-08-04 02:30:00,0,0,1060,-0.06,272.01
2022-08-04 02:45:00,NA,0,1060,0.19,299.08
2022-08-04 03:00:00,NA,0,1060,0.58,372.34
2022-08-04 03:15:00,NA,0,1060,1.17,440.21
2022-08-04 03:30:00,0,0,1070,1.91,532.21
2022-08-04 03:45:00,NA,0,1080,2.74,626.62
2022-08-04 04:00:00,NA,0,1080,3.54,737.6
2022-08-04 04:15:00,NA,0,1080,4.15,822.48
2022-08-04 04:30:00,0,0,1090,4.76,905.42
2022-08-04 04:45:00,NA,6,1100,5.26,940.13
2022-08-04 05:00:00,NA,12,1100,5.63,960.59
2022-08-04 05:15:00,NA,18,1100,5.92,943.23
2022-08-04 05:30:00,24,24,1110,6.15,930.73
2022-08-04 05:45:00,NA,60,1110,6.33,911.73
2022-08-04 06:00:00,NA,96,1120,6.48,853.57
2022-08-04 06:15:00,NA,131,1110,6.61,784.79
2022-08-04 06:30:00,167,167,1120,6.72,762.1
2022-08-04 06:45:00,NA,213,1120,6.8,712.09
2022-08-04 07:00:00,NA,258,1120,6.88,686.21
2022-08-04 07:15:00,NA,304,1120,6.95,630.83
2022-08-04 07:30:00,350,350,1120,7,608.74
2022-08-04 07:45:00,NA,392,1120,7.05,551.9
2022-08-04 08:00:00,NA,435,1120,7.1,528.57
2022-08-04 08:15:00,NA,478,1120,7.14,507.49
2022-08-04 08:30:00,520,520,1120,7.17,489.16
2022-08-04 08:45:00,NA,564,1120,7.21,452.24
2022-08-04 09:00:00,NA,607,1120,7.25,415.42
2022-08-04 09:15:00,NA,650,1110,7.28,407.65
2022-08-04 09:30:00,694,694,1110,7.3,372.26
2022-08-04 09:45:00,NA,726,1110,7.33,367.39
2022-08-04 10:00:00,NA,757,1110,7.34,350.53
2022-08-04 10:15:00,NA,788,1100,7.35,336.13
2022-08-04 10:30:00,820,820,1100,7.37,320.75
2022-08-04 10:45:00,NA,837,1100,7.39,312.28
2022-08-04 11:00:00,NA,854,1100,7.4,293.6
2022-08-04 11:15:00,NA,871,1100,7.39,278.83
2022-08-04 11:30:00,888,888,1090,7.4,265.93
2022-08-04 11:45:00,NA,893,1090,7.41,258.88
2022-08-04 12:00:00,NA,898,1080,7.42,252.74
2022-08-04 12:15:00,NA,902,1080,7.42,239.41
2022-08-04 12:30:00,907,907,1070,7.42,232.18
2022-08-04 12:45:00,NA,898,1070,7.42,227.48
2022-08-04 13:00:00,NA,890,1060,7.43,221.64
2022-08-04 13:15:00,NA,881,1060,7.41,210.73
2022-08-04 13:30:00,872,872,1060,7.42,205.87
2022-08-04 13:45:00,NA,849,1060,7.41,199.66
2022-08-04 14:00:00,NA,826,1050,7.42,188.5
2022-08-04 14:15:00,NA,802,1050,7.4,189.87
2022-08-04 14:30:00,779,779,1050,7.4,176.88
2022-08-04 14:45:00,NA,746,1040,7.4,171.35
2022-08-04 15:00:00,NA,713,1040,7.4,169.59
2022-08-04 15:15:00,NA,680,1040,7.39,159.58
2022-08-04 15:30:00,647,647,1040,7.39,164.09
2022-08-04 15:45:00,NA,606,1040,7.38,159.44
2022-08-04 16:00:00,NA,565,1040,7.37,153.6
2022-08-04 16:15:00,NA,524,1030,7.37,149.31
2022-08-04 16:30:00,483,483,1040,7.35,148.78
2022-08-04 16:45:00,NA,437,1040,7.35,142.24
2022-08-04 17:00:00,NA,390,1040,7.34,136.03
2022-08-04 17:15:00,NA,344,1040,7.33,136.1
2022-08-04 17:30:00,298,298,1030,7.32,133.57
2022-08-04 17:45:00,NA,252,1030,7.31,129.91
2022-08-04 18:00:00,NA,207,1040,7.31,137.11
2022-08-04 18:15:00,NA,162,1030,7.29,131.81
2022-08-04 18:30:00,116,116,1030,7.29,127.12
2022-08-04 18:45:00,NA,88,1030,7.28,120.14
2022-08-04 19:00:00,NA,59,1030,7.28,119.46
2022-08-04 19:15:00,NA,30,1030,7.27,112.17
2022-08-04 19:30:00,2,2,1030,7.26,119.77
2022-08-04 19:45:00,NA,2,1030,7.26,112.79
2022-08-04 20:00:00,NA,1,1030,7.25,112.25
2022-08-04 20:15:00,NA,0,1030,7.25,109.14
2022-08-04 20:30:00,0,0,1030,7.24,104.08
2022-08-04 20:45:00,NA,0,1030,7.23,106.42
2022-08-04 21:00:00,NA,0,1030,7.23,103.76
2022-08-04 21:15:00,NA,0,1030,7.23,101.97
2022-08-04 21:30:00,0,0,1020,7.23,99.37
2022-08-04 21:45:00,NA,0,1020,7.22,101.11
2022-08-04 22:00:00,NA,0,1020,7.23,100.01
2022-08-04 22:15:00,NA,0,1020,7.22,96.4
2022-08-04 22:30:00,0,0,1020,7.24,97.8
2022-08-04 22:45:00,NA,0,1020,7.24,91.68
2022-08-04 23:00:00,NA,0,1020,7.25,92.25
2022-08-04 23:15:00,NA,0,1020,7.26,89.61
2022-08-04 23:30:00,0,0,1020,7.26,86.12
2022-08-04 23:45:00,NA,0,1020,7.28,84.78
2022-08-05,NA,0,1020,7.28,85.66
2022-08-05 00:15:00,NA,0,1020,7.28,84.05
2022-08-05 00:30:00,0,0,1020,7.28,83.61
2022-08-05 00:45:00,NA,0,1020,7.29,80.16
2022-08-05 01:00:00,NA,0,1010,7.29,81.09
2022-08-05 01:15:00,NA,0,1020,7.3,78.94
2022-08-05 01:30:00,0,0,1020,7.31,80.4
2022-08-05 01:45:00,NA,0,1020,7.31,75.99
2022-08-05 02:00:00,NA,0,1020,7.31,75.04
2022-08-05 02:15:00,NA,0,1020,7.32,74.31
2022-08-05 02:30:00,0,0,1030,7.31,75.1
2022-08-05 02:45:00,NA,0,1030,7.32,72.28
2022-08-05 03:00:00,NA,0,1030,7.33,71.51
2022-08-05 03:15:00,NA,0,1030,7.34,70.85
2022-08-05 03:30:00,0,0,1040,7.35,73.52
2022-08-05 03:45:00,NA,0,1040,7.36,70.38
2022-08-05 04:00:00,NA,0,1040,7.37,69.3
2022-08-05 04:15:00,NA,0,1040,7.38,71.45
2022-08-05 04:30:00,0,0,1050,7.37,69.14
2022-08-05 04:45:00,NA,4,1050,7.39,68.58
2022-08-05 05:00:00,NA,7,1060,7.4,69.33
2022-08-05 05:15:00,NA,10,1060,7.4,69.78
2022-08-05 05:30:00,14,14,1070,7.4,69.48
2022-08-05 05:45:00,NA,27,1070,7.42,67.4
2022-08-05 06:00:00,NA,40,1080,7.44,67.89
2022-08-05 06:15:00,NA,52,1080,7.43,67.11
2022-08-05 06:30:00,65,65,1080,7.44,68.64
2022-08-05 06:45:00,NA,126,1080,7.44,67.17
2022-08-05 07:00:00,NA,186,1080,7.45,68.71
2022-08-05 07:15:00,NA,247,1080,7.45,67.76
2022-08-05 07:30:00,308,308,1080,7.47,67.26
2022-08-05 07:45:00,NA,348,1080,7.47,68.03
2022-08-05 08:00:00,NA,388,1080,7.48,65.7
2022-08-05 08:15:00,NA,428,1090,7.49,65.24
2022-08-05 08:30:00,468,468,1080,7.5,65.2
2022-08-05 08:45:00,NA,454,1080,7.51,64.11
2022-08-05 09:00:00,NA,440,1080,7.52,65.61
2022-08-05 09:15:00,NA,427,1080,7.53,66.98
2022-08-05 09:30:00,413,413,1080,7.54,65.33
2022-08-05 09:45:00,NA,515,1080,7.55,67.09
2022-08-05 10:00:00,NA,616,1080,7.55,65.72
2022-08-05 10:15:00,NA,718,1080,7.58,66.98
2022-08-05 10:30:00,820,820,1080,7.58,65.52
2022-08-05 10:45:00,NA,837,1080,7.58,65.03
2022-08-05 11:00:00,NA,854,1070,7.6,64.61
2022-08-05 11:15:00,NA,871,1060,7.61,64.83
2022-08-05 11:30:00,888,888,1060,7.62,65.95
2022-08-05 11:45:00,NA,802,1060,7.63,64.1
2022-08-05 12:00:00,NA,716,1060,7.64,64.09
2022-08-05 12:15:00,NA,630,1060,7.66,63.69
2022-08-05 12:30:00,544,544,1050,7.65,62.83
2022-08-05 12:45:00,NA,579,1050,7.65,62.8
2022-08-05 13:00:00,NA,614,1040,7.65,62.76
2022-08-05 13:15:00,NA,648,1030,7.66,61.3
2022-08-05 13:30:00,683,683,1030,7.67,61.73
2022-08-05 13:45:00,NA,704,1030,7.67,60.27
2022-08-05 14:00:00,NA,724,1030,7.65,60.67
2022-08-05 14:15:00,NA,744,1020,7.65,63.12
2022-08-05 14:30:00,765,765,1020,7.65,59.33
2022-08-05 14:45:00,NA,731,1020,7.64,60.27
2022-08-05 15:00:00,NA,698,1020,7.64,60.87
2022-08-05 15:15:00,NA,664,1010,7.64,59.09
2022-08-05 15:30:00,630,630,1010,7.63,60.94
2022-08-05 15:45:00,NA,588,1010,7.62,58.95
2022-08-05 16:00:00,NA,547,1010,7.59,57.75
2022-08-05 16:15:00,NA,506,1010,7.59,57.59
2022-08-05 16:30:00,464,464,1010,7.59,56.64
2022-08-05 16:45:00,NA,416,1010,7.58,57.96
2022-08-05 17:00:00,NA,368,1000,7.57,55.97
2022-08-05 17:15:00,NA,321,1010,7.55,57.69
2022-08-05 17:30:00,273,273,1010,7.54,55.48
2022-08-05 17:45:00,NA,224,1010,7.53,56.61
2022-08-05 18:00:00,NA,174,1010,7.51,56.37
2022-08-05 18:15:00,NA,124,1000,7.51,56.28
2022-08-05 18:30:00,75,75,1000,7.51,56.93
2022-08-05 18:45:00,NA,57,1000,7.49,55.88
2022-08-05 19:00:00,NA,38,1000,7.49,55.09
2022-08-05 19:15:00,NA,20,1000,7.48,55.68
2022-08-05 19:30:00,2,2,1000,7.48,55.57
2022-08-05 19:45:00,NA,2,1000,7.47,54.12
2022-08-05 20:00:00,NA,1,1000,7.48,55.8
2022-08-05 20:15:00,NA,0,1000,7.48,55.15
2022-08-05 20:30:00,0,0,1000,7.48,55.44
2022-08-05 20:45:00,NA,0,1000,7.49,55.03
2022-08-05 21:00:00,NA,0,1000,7.49,55.51
2022-08-05 21:15:00,NA,0,995,7.49,55.36
2022-08-05 21:30:00,0,0,995,7.48,55.6
2022-08-05 21:45:00,NA,0,995,7.5,54.61
2022-08-05 22:00:00,NA,0,995,7.5,54.11
2022-08-05 22:15:00,NA,0,995,7.51,53.67
2022-08-05 22:30:00,0,0,1000,7.51,53.34
2022-08-05 22:45:00,NA,0,1000,7.51,54.06
2022-08-05 23:00:00,NA,0,1000,7.52,53.63
2022-08-05 23:15:00,NA,0,1000,7.52,53.98
2022-08-05 23:30:00,0,0,1000,7.52,53.87
2022-08-05 23:45:00,NA,0,1000,7.53,53.79